"filename", "language", "JSON with Comments", "Markdown", "JSON", "JavaScript", "TypeScript", "TypeScript JSX", "CSS", "YAML", "Diff", "Prisma", "comment", "blank", "total"
"/home/jboyett/Documents/dev/github/iris-mobile/.eslintrc.cjs", "JavaScript", 0, 0, 0, 25, 0, 0, 0, 0, 0, 0, 1, 1, 27
"/home/jboyett/Documents/dev/github/iris-mobile/.github/ISSUE_TEMPLATE/bug_report.md", "Markdown", 0, 32, 0, 0, 0, 0, 0, 0, 0, 0, 0, 12, 44
"/home/jboyett/Documents/dev/github/iris-mobile/.github/workflows/ci.yml", "YAML", 0, 0, 0, 0, 0, 0, 0, 47, 0, 0, 2, 14, 63
"/home/jboyett/Documents/dev/github/iris-mobile/.prettierrc.cjs", "JavaScript", 0, 0, 0, 16, 0, 0, 0, 0, 0, 0, 1, 2, 19
"/home/jboyett/Documents/dev/github/iris-mobile/README.md", "Markdown", 0, 131, 0, 0, 0, 0, 0, 0, 0, 0, 0, 75, 206
"/home/jboyett/Documents/dev/github/iris-mobile/app.json", "JSON", 0, 0, 17, 0, 0, 0, 0, 0, 0, 0, 0, 1, 18
"/home/jboyett/Documents/dev/github/iris-mobile/apps/expo/.expo-shared/assets.json", "JSON", 0, 0, 4, 0, 0, 0, 0, 0, 0, 0, 0, 1, 5
"/home/jboyett/Documents/dev/github/iris-mobile/apps/expo/app.config.ts", "TypeScript", 0, 0, 0, 0, 37, 0, 0, 0, 0, 0, 0, 4, 41
"/home/jboyett/Documents/dev/github/iris-mobile/apps/expo/babel.config.js", "JavaScript", 0, 0, 0, 12, 0, 0, 0, 0, 0, 0, 0, 1, 13
"/home/jboyett/Documents/dev/github/iris-mobile/apps/expo/expo-plugins/with-modify-gradle.js", "JavaScript", 0, 0, 0, 29, 0, 0, 0, 0, 0, 0, 6, 7, 42
"/home/jboyett/Documents/dev/github/iris-mobile/apps/expo/index.ts", "TypeScript", 0, 0, 0, 0, 3, 0, 0, 0, 0, 0, 3, 3, 9
"/home/jboyett/Documents/dev/github/iris-mobile/apps/expo/metro.config.js", "JavaScript", 0, 0, 0, 13, 0, 0, 0, 0, 0, 0, 8, 6, 27
"/home/jboyett/Documents/dev/github/iris-mobile/apps/expo/package.json", "JSON", 0, 0, 64, 0, 0, 0, 0, 0, 0, 0, 0, 1, 65
"/home/jboyett/Documents/dev/github/iris-mobile/apps/expo/src/_app.tsx", "TypeScript JSX", 0, 0, 0, 0, 0, 98, 0, 0, 0, 0, 0, 7, 105
"/home/jboyett/Documents/dev/github/iris-mobile/apps/expo/src/components/BoxFlasher.tsx", "TypeScript JSX", 0, 0, 0, 0, 0, 260, 0, 0, 0, 0, 0, 24, 284
"/home/jboyett/Documents/dev/github/iris-mobile/apps/expo/src/components/Grid.tsx", "TypeScript JSX", 0, 0, 0, 0, 0, 47, 0, 0, 0, 0, 0, 10, 57
"/home/jboyett/Documents/dev/github/iris-mobile/apps/expo/src/components/SignInWithOAuth.tsx", "TypeScript JSX", 0, 0, 0, 0, 0, 250, 0, 0, 0, 0, 3, 12, 265
"/home/jboyett/Documents/dev/github/iris-mobile/apps/expo/src/components/SignUpWithOAuth.tsx", "TypeScript JSX", 0, 0, 0, 0, 0, 268, 0, 0, 0, 0, 1, 12, 281
"/home/jboyett/Documents/dev/github/iris-mobile/apps/expo/src/components/Train.tsx", "TypeScript JSX", 0, 0, 0, 0, 0, 235, 0, 0, 0, 0, 0, 8, 243
"/home/jboyett/Documents/dev/github/iris-mobile/apps/expo/src/components/exercises/CubeFlasher.tsx", "TypeScript JSX", 0, 0, 0, 0, 0, 0, 0, 0, 0, 0, 0, 1, 1
"/home/jboyett/Documents/dev/github/iris-mobile/apps/expo/src/components/exercises/EvenNumber.tsx", "TypeScript JSX", 0, 0, 0, 0, 0, 175, 0, 0, 0, 0, 0, 17, 192
"/home/jboyett/Documents/dev/github/iris-mobile/apps/expo/src/components/exercises/GreenDot/Dot.tsx", "TypeScript JSX", 0, 0, 0, 0, 0, 90, 0, 0, 0, 0, 5, 9, 104
"/home/jboyett/Documents/dev/github/iris-mobile/apps/expo/src/components/exercises/GreenDot/Text.tsx", "TypeScript JSX", 0, 0, 0, 0, 0, 51, 0, 0, 0, 0, 0, 1, 52
"/home/jboyett/Documents/dev/github/iris-mobile/apps/expo/src/components/exercises/GreenDot/index.tsx", "TypeScript JSX", 0, 0, 0, 0, 0, 44, 0, 0, 0, 0, 0, 4, 48
"/home/jboyett/Documents/dev/github/iris-mobile/apps/expo/src/components/exercises/Letters.tsx", "TypeScript JSX", 0, 0, 0, 0, 0, 273, 0, 0, 0, 0, 0, 19, 292
"/home/jboyett/Documents/dev/github/iris-mobile/apps/expo/src/components/exercises/NumberMatcher.tsx", "TypeScript JSX", 0, 0, 0, 0, 0, 285, 0, 0, 0, 0, 6, 24, 315
"/home/jboyett/Documents/dev/github/iris-mobile/apps/expo/src/components/exercises/SchulteTable.tsx", "TypeScript JSX", 0, 0, 0, 0, 0, 273, 0, 0, 0, 0, 0, 25, 298
"/home/jboyett/Documents/dev/github/iris-mobile/apps/expo/src/components/exercises/WordFlasher.tsx", "TypeScript JSX", 0, 0, 0, 0, 0, 308, 0, 0, 0, 0, 0, 19, 327
"/home/jboyett/Documents/dev/github/iris-mobile/apps/expo/src/components/exercises/WordPairs.tsx", "TypeScript JSX", 0, 0, 0, 0, 0, 200, 0, 0, 0, 0, 0, 15, 215
"/home/jboyett/Documents/dev/github/iris-mobile/apps/expo/src/components/instructions/Boxes.tsx", "TypeScript JSX", 0, 0, 0, 0, 0, 163, 0, 0, 0, 0, 3, 4, 170
"/home/jboyett/Documents/dev/github/iris-mobile/apps/expo/src/components/instructions/EvenNumbers.tsx", "TypeScript JSX", 0, 0, 0, 0, 0, 171, 0, 0, 0, 0, 3, 4, 178
"/home/jboyett/Documents/dev/github/iris-mobile/apps/expo/src/components/instructions/GreenDot.tsx", "TypeScript JSX", 0, 0, 0, 0, 0, 151, 0, 0, 0, 0, 3, 4, 158
"/home/jboyett/Documents/dev/github/iris-mobile/apps/expo/src/components/instructions/LetterMatch.tsx", "TypeScript JSX", 0, 0, 0, 0, 0, 170, 0, 0, 0, 0, 3, 4, 177
"/home/jboyett/Documents/dev/github/iris-mobile/apps/expo/src/components/instructions/NumberMatch.tsx", "TypeScript JSX", 0, 0, 0, 0, 0, 155, 0, 0, 0, 0, 3, 4, 162
"/home/jboyett/Documents/dev/github/iris-mobile/apps/expo/src/components/instructions/SchulteTable.tsx", "TypeScript JSX", 0, 0, 0, 0, 0, 174, 0, 0, 0, 0, 3, 4, 181
"/home/jboyett/Documents/dev/github/iris-mobile/apps/expo/src/components/instructions/SpeedTest.tsx", "TypeScript JSX", 0, 0, 0, 0, 0, 178, 0, 0, 0, 0, 3, 4, 185
"/home/jboyett/Documents/dev/github/iris-mobile/apps/expo/src/components/instructions/WordFlasher.tsx", "TypeScript JSX", 0, 0, 0, 0, 0, 163, 0, 0, 0, 0, 3, 4, 170
"/home/jboyett/Documents/dev/github/iris-mobile/apps/expo/src/components/instructions/WordPair.tsx", "TypeScript JSX", 0, 0, 0, 0, 0, 178, 0, 0, 0, 0, 3, 4, 185
"/home/jboyett/Documents/dev/github/iris-mobile/apps/expo/src/components/speedtest/index.tsx", "TypeScript JSX", 0, 0, 0, 0, 0, 366, 0, 0, 0, 0, 12, 32, 410
"/home/jboyett/Documents/dev/github/iris-mobile/apps/expo/src/cva/FontProvider.tsx", "TypeScript JSX", 0, 0, 0, 0, 0, 48, 0, 0, 0, 0, 0, 6, 54
"/home/jboyett/Documents/dev/github/iris-mobile/apps/expo/src/cva/WordFlashCell.tsx", "TypeScript JSX", 0, 0, 0, 0, 0, 80, 0, 0, 0, 0, 0, 5, 85
"/home/jboyett/Documents/dev/github/iris-mobile/apps/expo/src/hooks/useIncrementalState.ts", "TypeScript", 0, 0, 0, 0, 30, 0, 0, 0, 0, 0, 0, 2, 32
"/home/jboyett/Documents/dev/github/iris-mobile/apps/expo/src/hooks/useInterval.ts", "TypeScript", 0, 0, 0, 0, 19, 0, 0, 0, 0, 0, 2, 4, 25
"/home/jboyett/Documents/dev/github/iris-mobile/apps/expo/src/hooks/useStopWatch.ts", "TypeScript", 0, 0, 0, 0, 31, 0, 0, 0, 0, 0, 29, 7, 67
"/home/jboyett/Documents/dev/github/iris-mobile/apps/expo/src/hooks/useWarmUpBrowser.ts", "TypeScript", 0, 0, 0, 0, 10, 0, 0, 0, 0, 0, 0, 2, 12
"/home/jboyett/Documents/dev/github/iris-mobile/apps/expo/src/screens/Settings.tsx", "TypeScript JSX", 0, 0, 0, 0, 0, 376, 0, 0, 0, 0, 0, 16, 392
"/home/jboyett/Documents/dev/github/iris-mobile/apps/expo/src/screens/auth.tsx", "TypeScript JSX", 0, 0, 0, 0, 0, 51, 0, 0, 0, 0, 0, 5, 56
"/home/jboyett/Documents/dev/github/iris-mobile/apps/expo/src/screens/home.tsx", "TypeScript JSX", 0, 0, 0, 0, 0, 368, 0, 0, 0, 0, 0, 18, 386
"/home/jboyett/Documents/dev/github/iris-mobile/apps/expo/src/screens/signout.tsx", "TypeScript JSX", 0, 0, 0, 0, 0, 14, 0, 0, 0, 0, 0, 2, 16
"/home/jboyett/Documents/dev/github/iris-mobile/apps/expo/src/screens/signup.tsx", "TypeScript JSX", 0, 0, 0, 0, 0, 19, 0, 0, 0, 0, 0, 4, 23
"/home/jboyett/Documents/dev/github/iris-mobile/apps/expo/src/screens/train.tsx", "TypeScript JSX", 0, 0, 0, 0, 0, 10, 0, 0, 0, 0, 0, 2, 12
"/home/jboyett/Documents/dev/github/iris-mobile/apps/expo/src/stores/useBoxStore.ts", "TypeScript", 0, 0, 0, 0, 15, 0, 0, 0, 0, 0, 0, 3, 18
"/home/jboyett/Documents/dev/github/iris-mobile/apps/expo/src/stores/useSpeedTestStore.ts", "TypeScript", 0, 0, 0, 0, 67, 0, 0, 0, 0, 0, 0, 3, 70
"/home/jboyett/Documents/dev/github/iris-mobile/apps/expo/src/stores/userStore.ts", "TypeScript", 0, 0, 0, 0, 23, 0, 0, 0, 0, 0, 6, 3, 32
"/home/jboyett/Documents/dev/github/iris-mobile/apps/expo/src/types/nativewind.d.ts", "TypeScript", 0, 0, 0, 0, 0, 0, 0, 0, 0, 0, 1, 1, 2
"/home/jboyett/Documents/dev/github/iris-mobile/apps/expo/src/utils/cache.ts", "TypeScript", 0, 0, 0, 0, 16, 0, 0, 0, 0, 0, 3, 4, 23
"/home/jboyett/Documents/dev/github/iris-mobile/apps/expo/src/utils/trpc.tsx", "TypeScript JSX", 0, 0, 0, 0, 0, 46, 0, 0, 0, 0, 17, 5, 68
"/home/jboyett/Documents/dev/github/iris-mobile/apps/expo/tailwind.config.cjs", "JavaScript", 0, 0, 0, 3, 0, 0, 0, 0, 0, 0, 1, 1, 5
"/home/jboyett/Documents/dev/github/iris-mobile/apps/expo/tsconfig.json", "JSON with Comments", 8, 0, 0, 0, 0, 0, 0, 0, 0, 0, 0, 1, 9
"/home/jboyett/Documents/dev/github/iris-mobile/apps/nextjs/.eslintrc.cjs", "JavaScript", 0, 0, 0, 6, 0, 0, 0, 0, 0, 0, 1, 1, 8
"/home/jboyett/Documents/dev/github/iris-mobile/apps/nextjs/README.md", "Markdown", 0, 92, 0, 0, 0, 0, 0, 0, 0, 0, 0, 40, 132
"/home/jboyett/Documents/dev/github/iris-mobile/apps/nextjs/next-env.d.ts", "TypeScript", 0, 0, 0, 0, 0, 0, 0, 0, 0, 0, 4, 2, 6
"/home/jboyett/Documents/dev/github/iris-mobile/apps/nextjs/next.config.mjs", "JavaScript", 0, 0, 0, 17, 0, 0, 0, 0, 0, 0, 7, 4, 28
"/home/jboyett/Documents/dev/github/iris-mobile/apps/nextjs/package.json", "JSON", 0, 0, 45, 0, 0, 0, 0, 0, 0, 0, 0, 1, 46
"/home/jboyett/Documents/dev/github/iris-mobile/apps/nextjs/postcss.config.cjs", "JavaScript", 0, 0, 0, 1, 0, 0, 0, 0, 0, 0, 0, 1, 2
"/home/jboyett/Documents/dev/github/iris-mobile/apps/nextjs/src/components/cubeflasher.tsx", "TypeScript JSX", 0, 0, 0, 0, 0, 211, 0, 0, 0, 0, 0, 11, 222
"/home/jboyett/Documents/dev/github/iris-mobile/apps/nextjs/src/components/evensandodds.tsx", "TypeScript JSX", 0, 0, 0, 0, 0, 173, 0, 0, 0, 0, 0, 20, 193
"/home/jboyett/Documents/dev/github/iris-mobile/apps/nextjs/src/components/flasherstartbutton.tsx", "TypeScript JSX", 0, 0, 0, 0, 0, 49, 0, 0, 0, 0, 0, 5, 54
"/home/jboyett/Documents/dev/github/iris-mobile/apps/nextjs/src/components/flashingWordsNav.tsx", "TypeScript JSX", 0, 0, 0, 0, 0, 43, 0, 0, 0, 0, 0, 6, 49
"/home/jboyett/Documents/dev/github/iris-mobile/apps/nextjs/src/components/flashingcell.tsx", "TypeScript JSX", 0, 0, 0, 0, 0, 304, 0, 0, 0, 0, 2, 25, 331
"/home/jboyett/Documents/dev/github/iris-mobile/apps/nextjs/src/components/greendottext.tsx", "TypeScript JSX", 0, 0, 0, 0, 0, 40, 0, 0, 0, 0, 0, 1, 41
"/home/jboyett/Documents/dev/github/iris-mobile/apps/nextjs/src/components/letterMatcher.tsx", "TypeScript JSX", 0, 0, 0, 0, 0, 174, 0, 0, 0, 0, 0, 10, 184
"/home/jboyett/Documents/dev/github/iris-mobile/apps/nextjs/src/components/loadingspinner.tsx", "TypeScript JSX", 0, 0, 0, 0, 0, 23, 0, 0, 0, 0, 0, 1, 24
"/home/jboyett/Documents/dev/github/iris-mobile/apps/nextjs/src/components/numbermatcher.tsx", "TypeScript JSX", 0, 0, 0, 0, 0, 181, 0, 0, 0, 0, 0, 13, 194
"/home/jboyett/Documents/dev/github/iris-mobile/apps/nextjs/src/components/pietimer.tsx", "TypeScript JSX", 0, 0, 0, 0, 0, 94, 0, 0, 0, 0, 5, 11, 110
"/home/jboyett/Documents/dev/github/iris-mobile/apps/nextjs/src/components/schultedraw.tsx", "TypeScript JSX", 0, 0, 0, 0, 0, 118, 0, 0, 0, 0, 5, 11, 134
"/home/jboyett/Documents/dev/github/iris-mobile/apps/nextjs/src/components/schultetable.tsx", "TypeScript JSX", 0, 0, 0, 0, 0, 164, 0, 0, 0, 0, 0, 20, 184
"/home/jboyett/Documents/dev/github/iris-mobile/apps/nextjs/src/components/sidebar.tsx", "TypeScript JSX", 0, 0, 0, 0, 0, 92, 0, 0, 0, 0, 2, 4, 98
"/home/jboyett/Documents/dev/github/iris-mobile/apps/nextjs/src/components/speedtest.tsx", "TypeScript JSX", 0, 0, 0, 0, 0, 190, 0, 0, 0, 0, 0, 8, 198
"/home/jboyett/Documents/dev/github/iris-mobile/apps/nextjs/src/components/tableswitcher.tsx", "TypeScript JSX", 0, 0, 0, 0, 0, 58, 0, 0, 0, 0, 0, 3, 61
"/home/jboyett/Documents/dev/github/iris-mobile/apps/nextjs/src/components/tests/evensandodds.test.ts", "TypeScript", 0, 0, 0, 0, 92, 0, 0, 0, 0, 0, 0, 5, 97
"/home/jboyett/Documents/dev/github/iris-mobile/apps/nextjs/src/components/wordchanger.tsx", "TypeScript JSX", 0, 0, 0, 0, 0, 67, 0, 0, 0, 0, 1, 10, 78
"/home/jboyett/Documents/dev/github/iris-mobile/apps/nextjs/src/components/wordpairs.tsx", "TypeScript JSX", 0, 0, 0, 0, 0, 172, 0, 0, 0, 0, 0, 17, 189
"/home/jboyett/Documents/dev/github/iris-mobile/apps/nextjs/src/cva/cube-flasher.tsx", "TypeScript JSX", 0, 0, 0, 0, 0, 41, 0, 0, 0, 0, 0, 4, 45
"/home/jboyett/Documents/dev/github/iris-mobile/apps/nextjs/src/cva/flashingStyles.tsx", "TypeScript JSX", 0, 0, 0, 0, 0, 46, 0, 0, 0, 0, 0, 4, 50
"/home/jboyett/Documents/dev/github/iris-mobile/apps/nextjs/src/cva/fontProvider.tsx", "TypeScript JSX", 0, 0, 0, 0, 0, 45, 0, 0, 0, 0, 0, 6, 51
"/home/jboyett/Documents/dev/github/iris-mobile/apps/nextjs/src/cva/highlightSelectorButton.tsx", "TypeScript JSX", 0, 0, 0, 0, 0, 44, 0, 0, 0, 0, 0, 4, 48
"/home/jboyett/Documents/dev/github/iris-mobile/apps/nextjs/src/env/client.mjs", "JavaScript", 0, 0, 0, 25, 0, 0, 0, 0, 0, 0, 2, 7, 34
"/home/jboyett/Documents/dev/github/iris-mobile/apps/nextjs/src/env/schema.mjs", "JavaScript", 0, 0, 0, 11, 0, 0, 0, 0, 0, 0, 16, 4, 31
"/home/jboyett/Documents/dev/github/iris-mobile/apps/nextjs/src/env/server.mjs", "JavaScript", 0, 0, 0, 17, 0, 0, 0, 0, 0, 0, 5, 6, 28
"/home/jboyett/Documents/dev/github/iris-mobile/apps/nextjs/src/hooks/useInterval.ts", "TypeScript", 0, 0, 0, 0, 19, 0, 0, 0, 0, 0, 2, 4, 25
"/home/jboyett/Documents/dev/github/iris-mobile/apps/nextjs/src/hooks/useIsVisible.ts", "TypeScript", 0, 0, 0, 0, 16, 0, 0, 0, 0, 0, 0, 4, 20
"/home/jboyett/Documents/dev/github/iris-mobile/apps/nextjs/src/hooks/useStopWatch.ts", "TypeScript", 0, 0, 0, 0, 25, 0, 0, 0, 0, 0, 29, 6, 60
"/home/jboyett/Documents/dev/github/iris-mobile/apps/nextjs/src/hooks/useTimer.ts", "TypeScript", 0, 0, 0, 0, 62, 0, 0, 0, 0, 0, 4, 9, 75
"/home/jboyett/Documents/dev/github/iris-mobile/apps/nextjs/src/middleware.ts", "TypeScript", 0, 0, 0, 0, 11, 0, 0, 0, 0, 0, 9, 3, 23
"/home/jboyett/Documents/dev/github/iris-mobile/apps/nextjs/src/pages/_app.tsx", "TypeScript JSX", 0, 0, 0, 0, 0, 12, 0, 0, 0, 0, 1, 3, 16
"/home/jboyett/Documents/dev/github/iris-mobile/apps/nextjs/src/pages/admin/createquestion/done.tsx", "TypeScript JSX", 0, 0, 0, 0, 0, 56, 0, 0, 0, 0, 0, 8, 64
"/home/jboyett/Documents/dev/github/iris-mobile/apps/nextjs/src/pages/admin/createquestion/index.tsx", "TypeScript JSX", 0, 0, 0, 0, 0, 157, 0, 0, 0, 0, 0, 8, 165
"/home/jboyett/Documents/dev/github/iris-mobile/apps/nextjs/src/pages/admin/index.tsx", "TypeScript JSX", 0, 0, 0, 0, 0, 67, 0, 0, 0, 0, 0, 9, 76
"/home/jboyett/Documents/dev/github/iris-mobile/apps/nextjs/src/pages/admin/testexercise.tsx", "TypeScript JSX", 0, 0, 0, 0, 0, 103, 0, 0, 0, 0, 0, 5, 108
"/home/jboyett/Documents/dev/github/iris-mobile/apps/nextjs/src/pages/api/trpc/[trpc].ts", "TypeScript", 0, 0, 0, 0, 6, 0, 0, 0, 0, 0, 12, 5, 23
"/home/jboyett/Documents/dev/github/iris-mobile/apps/nextjs/src/pages/done.tsx", "TypeScript JSX", 0, 0, 0, 0, 0, 24, 0, 0, 0, 0, 0, 2, 26
"/home/jboyett/Documents/dev/github/iris-mobile/apps/nextjs/src/pages/exercises/boxes.tsx", "TypeScript JSX", 0, 0, 0, 0, 0, 26, 0, 0, 0, 0, 0, 3, 29
"/home/jboyett/Documents/dev/github/iris-mobile/apps/nextjs/src/pages/exercises/cubebythree.tsx", "TypeScript JSX", 0, 0, 0, 0, 0, 14, 0, 0, 0, 0, 0, 2, 16
"/home/jboyett/Documents/dev/github/iris-mobile/apps/nextjs/src/pages/exercises/cubebytwo.tsx", "TypeScript JSX", 0, 0, 0, 0, 0, 14, 0, 0, 0, 0, 0, 2, 16
"/home/jboyett/Documents/dev/github/iris-mobile/apps/nextjs/src/pages/exercises/evennumbers.tsx", "TypeScript JSX", 0, 0, 0, 0, 0, 34, 0, 0, 0, 0, 1, 3, 38
"/home/jboyett/Documents/dev/github/iris-mobile/apps/nextjs/src/pages/exercises/flashfourbyone.tsx", "TypeScript JSX", 0, 0, 0, 0, 0, 16, 0, 0, 0, 0, 0, 2, 18
"/home/jboyett/Documents/dev/github/iris-mobile/apps/nextjs/src/pages/exercises/flashonebyone.tsx", "TypeScript JSX", 0, 0, 0, 0, 0, 16, 0, 0, 0, 0, 0, 2, 18
"/home/jboyett/Documents/dev/github/iris-mobile/apps/nextjs/src/pages/exercises/flashonebytwo.tsx", "TypeScript JSX", 0, 0, 0, 0, 0, 16, 0, 0, 0, 0, 0, 2, 18
"/home/jboyett/Documents/dev/github/iris-mobile/apps/nextjs/src/pages/exercises/flashtwobyone.tsx", "TypeScript JSX", 0, 0, 0, 0, 0, 16, 0, 0, 0, 0, 0, 2, 18
"/home/jboyett/Documents/dev/github/iris-mobile/apps/nextjs/src/pages/exercises/flashtwobytwo.tsx", "TypeScript JSX", 0, 0, 0, 0, 0, 16, 0, 0, 0, 0, 0, 2, 18
"/home/jboyett/Documents/dev/github/iris-mobile/apps/nextjs/src/pages/exercises/greendot.tsx", "TypeScript JSX", 0, 0, 0, 0, 0, 40, 0, 0, 0, 0, 0, 4, 44
"/home/jboyett/Documents/dev/github/iris-mobile/apps/nextjs/src/pages/exercises/lettermatcher.tsx", "TypeScript JSX", 0, 0, 0, 0, 0, 19, 0, 0, 0, 0, 0, 3, 22
"/home/jboyett/Documents/dev/github/iris-mobile/apps/nextjs/src/pages/exercises/numbermatcher.tsx", "TypeScript JSX", 0, 0, 0, 0, 0, 19, 0, 0, 0, 0, 0, 3, 22
"/home/jboyett/Documents/dev/github/iris-mobile/apps/nextjs/src/pages/exercises/schultetable/by3.tsx", "TypeScript JSX", 0, 0, 0, 0, 0, 29, 0, 0, 0, 0, 0, 4, 33
"/home/jboyett/Documents/dev/github/iris-mobile/apps/nextjs/src/pages/exercises/schultetable/by5.tsx", "TypeScript JSX", 0, 0, 0, 0, 0, 29, 0, 0, 0, 0, 0, 4, 33
"/home/jboyett/Documents/dev/github/iris-mobile/apps/nextjs/src/pages/exercises/schultetable/by7.tsx", "TypeScript JSX", 0, 0, 0, 0, 0, 29, 0, 0, 0, 0, 0, 4, 33
"/home/jboyett/Documents/dev/github/iris-mobile/apps/nextjs/src/pages/exercises/schultetable/index.tsx", "TypeScript JSX", 0, 0, 0, 0, 0, 44, 0, 0, 0, 0, 0, 5, 49
"/home/jboyett/Documents/dev/github/iris-mobile/apps/nextjs/src/pages/exercises/speedtest/index.tsx", "TypeScript JSX", 0, 0, 0, 0, 0, 91, 0, 0, 0, 0, 0, 10, 101
"/home/jboyett/Documents/dev/github/iris-mobile/apps/nextjs/src/pages/exercises/speedtest/question.tsx", "TypeScript JSX", 0, 0, 0, 0, 0, 111, 0, 0, 0, 0, 0, 5, 116
"/home/jboyett/Documents/dev/github/iris-mobile/apps/nextjs/src/pages/exercises/speedtest/result.tsx", "TypeScript JSX", 0, 0, 0, 0, 0, 152, 0, 0, 0, 0, 6, 12, 170
"/home/jboyett/Documents/dev/github/iris-mobile/apps/nextjs/src/pages/exercises/wordpairs.tsx", "TypeScript JSX", 0, 0, 0, 0, 0, 17, 0, 0, 0, 0, 0, 2, 19
"/home/jboyett/Documents/dev/github/iris-mobile/apps/nextjs/src/pages/index.tsx", "TypeScript JSX", 0, 0, 0, 0, 0, 77, 0, 0, 0, 0, 0, 5, 82
"/home/jboyett/Documents/dev/github/iris-mobile/apps/nextjs/src/pages/instructions/boxes.tsx", "TypeScript JSX", 0, 0, 0, 0, 0, 127, 0, 0, 0, 0, 3, 11, 141
"/home/jboyett/Documents/dev/github/iris-mobile/apps/nextjs/src/pages/instructions/evennumbers.tsx", "TypeScript JSX", 0, 0, 0, 0, 0, 120, 0, 0, 0, 0, 3, 9, 132
"/home/jboyett/Documents/dev/github/iris-mobile/apps/nextjs/src/pages/instructions/flashingwords/fourbyone.tsx", "TypeScript JSX", 0, 0, 0, 0, 0, 98, 0, 0, 0, 0, 3, 7, 108
"/home/jboyett/Documents/dev/github/iris-mobile/apps/nextjs/src/pages/instructions/flashingwords/onebyone.tsx", "TypeScript JSX", 0, 0, 0, 0, 0, 98, 0, 0, 0, 0, 3, 7, 108
"/home/jboyett/Documents/dev/github/iris-mobile/apps/nextjs/src/pages/instructions/flashingwords/onebytwo.tsx", "TypeScript JSX", 0, 0, 0, 0, 0, 99, 0, 0, 0, 0, 3, 7, 109
"/home/jboyett/Documents/dev/github/iris-mobile/apps/nextjs/src/pages/instructions/flashingwords/twobyone.tsx", "TypeScript JSX", 0, 0, 0, 0, 0, 97, 0, 0, 0, 0, 3, 6, 106
"/home/jboyett/Documents/dev/github/iris-mobile/apps/nextjs/src/pages/instructions/flashingwords/twobytwo.tsx", "TypeScript JSX", 0, 0, 0, 0, 0, 96, 0, 0, 0, 0, 3, 6, 105
"/home/jboyett/Documents/dev/github/iris-mobile/apps/nextjs/src/pages/instructions/greendot.tsx", "TypeScript JSX", 0, 0, 0, 0, 0, 98, 0, 0, 0, 0, 3, 8, 109
"/home/jboyett/Documents/dev/github/iris-mobile/apps/nextjs/src/pages/instructions/lettermatcher.tsx", "TypeScript JSX", 0, 0, 0, 0, 0, 119, 0, 0, 0, 0, 3, 8, 130
"/home/jboyett/Documents/dev/github/iris-mobile/apps/nextjs/src/pages/instructions/numbermatcher.tsx", "TypeScript JSX", 0, 0, 0, 0, 0, 105, 0, 0, 0, 0, 3, 9, 117
"/home/jboyett/Documents/dev/github/iris-mobile/apps/nextjs/src/pages/instructions/schultetable.tsx", "TypeScript JSX", 0, 0, 0, 0, 0, 178, 0, 0, 0, 0, 3, 10, 191
"/home/jboyett/Documents/dev/github/iris-mobile/apps/nextjs/src/pages/instructions/speedtest.tsx", "TypeScript JSX", 0, 0, 0, 0, 0, 128, 0, 0, 0, 0, 3, 9, 140
"/home/jboyett/Documents/dev/github/iris-mobile/apps/nextjs/src/pages/instructions/wordpairs.tsx", "TypeScript JSX", 0, 0, 0, 0, 0, 127, 0, 0, 0, 0, 3, 8, 138
"/home/jboyett/Documents/dev/github/iris-mobile/apps/nextjs/src/pages/nav.tsx", "TypeScript JSX", 0, 0, 0, 0, 0, 229, 0, 0, 0, 0, 0, 16, 245
"/home/jboyett/Documents/dev/github/iris-mobile/apps/nextjs/src/pages/next.tsx", "TypeScript JSX", 0, 0, 0, 0, 0, 43, 0, 0, 0, 0, 0, 3, 46
"/home/jboyett/Documents/dev/github/iris-mobile/apps/nextjs/src/pages/settings.tsx", "TypeScript JSX", 0, 0, 0, 0, 0, 368, 0, 0, 0, 0, 0, 5, 373
"/home/jboyett/Documents/dev/github/iris-mobile/apps/nextjs/src/pages/setup.tsx", "TypeScript JSX", 0, 0, 0, 0, 0, 91, 0, 0, 0, 0, 0, 3, 94
"/home/jboyett/Documents/dev/github/iris-mobile/apps/nextjs/src/pages/sign-in/[[...index]].tsx", "TypeScript JSX", 0, 0, 0, 0, 0, 19, 0, 0, 0, 0, 0, 3, 22
"/home/jboyett/Documents/dev/github/iris-mobile/apps/nextjs/src/pages/sign-up/[[...index]].tsx", "TypeScript JSX", 0, 0, 0, 0, 0, 19, 0, 0, 0, 0, 0, 3, 22
"/home/jboyett/Documents/dev/github/iris-mobile/apps/nextjs/src/stores/useCubeStore.ts", "TypeScript", 0, 0, 0, 0, 20, 0, 0, 0, 0, 0, 0, 3, 23
"/home/jboyett/Documents/dev/github/iris-mobile/apps/nextjs/src/stores/useMutateUser.ts", "TypeScript", 0, 0, 0, 0, 17, 0, 0, 0, 0, 0, 0, 3, 20
"/home/jboyett/Documents/dev/github/iris-mobile/apps/nextjs/src/stores/usePairsStore.ts", "TypeScript", 0, 0, 0, 0, 14, 0, 0, 0, 0, 0, 0, 4, 18
"/home/jboyett/Documents/dev/github/iris-mobile/apps/nextjs/src/stores/useSpeedTestStore.ts", "TypeScript", 0, 0, 0, 0, 74, 0, 0, 0, 0, 0, 0, 4, 78
"/home/jboyett/Documents/dev/github/iris-mobile/apps/nextjs/src/stores/userStore.ts", "TypeScript", 0, 0, 0, 0, 21, 0, 0, 0, 0, 0, 6, 3, 30
"/home/jboyett/Documents/dev/github/iris-mobile/apps/nextjs/src/styles/globals.css", "CSS", 0, 0, 0, 0, 0, 0, 25, 0, 0, 0, 0, 12, 37
"/home/jboyett/Documents/dev/github/iris-mobile/apps/nextjs/src/utils/trpc.ts", "TypeScript", 0, 0, 0, 0, 30, 0, 0, 0, 0, 0, 9, 6, 45
"/home/jboyett/Documents/dev/github/iris-mobile/apps/nextjs/tailwind.config.cjs", "JavaScript", 0, 0, 0, 3, 0, 0, 0, 0, 0, 0, 1, 1, 5
"/home/jboyett/Documents/dev/github/iris-mobile/apps/nextjs/tsconfig.json", "JSON with Comments", 5, 0, 0, 0, 0, 0, 0, 0, 0, 0, 0, 1, 6
"/home/jboyett/Documents/dev/github/iris-mobile/drizzle.config.ts", "TypeScript", 0, 0, 0, 0, 13, 0, 0, 0, 0, 0, 0, 4, 17
"/home/jboyett/Documents/dev/github/iris-mobile/eas.json", "JSON", 0, 0, 18, 0, 0, 0, 0, 0, 0, 0, 0, 1, 19
"/home/jboyett/Documents/dev/github/iris-mobile/next-env.d.ts", "TypeScript", 0, 0, 0, 0, 0, 0, 0, 0, 0, 0, 4, 2, 6
"/home/jboyett/Documents/dev/github/iris-mobile/package.json", "JSON", 0, 0, 50, 0, 0, 0, 0, 0, 0, 0, 0, 1, 51
"/home/jboyett/Documents/dev/github/iris-mobile/packages/api/index.ts", "TypeScript", 0, 0, 0, 0, 4, 0, 0, 0, 0, 0, 0, 2, 6
"/home/jboyett/Documents/dev/github/iris-mobile/packages/api/package.json", "JSON", 0, 0, 28, 0, 0, 0, 0, 0, 0, 0, 0, 1, 29
"/home/jboyett/Documents/dev/github/iris-mobile/packages/api/src/context.ts", "TypeScript", 0, 0, 0, 0, 18, 0, 0, 0, 0, 0, 12, 5, 35
"/home/jboyett/Documents/dev/github/iris-mobile/packages/api/src/router/auth.ts", "TypeScript", 0, 0, 0, 0, 9, 0, 0, 0, 0, 0, 0, 2, 11
"/home/jboyett/Documents/dev/github/iris-mobile/packages/api/src/router/builders.ts", "TypeScript", 0, 0, 0, 0, 28, 0, 0, 0, 0, 0, 0, 2, 30
"/home/jboyett/Documents/dev/github/iris-mobile/packages/api/src/router/collection.ts", "TypeScript", 0, 0, 0, 0, 204, 0, 0, 0, 0, 0, 0, 10, 214
"/home/jboyett/Documents/dev/github/iris-mobile/packages/api/src/router/exercises.ts", "TypeScript", 0, 0, 0, 0, 202, 0, 0, 0, 0, 0, 0, 10, 212
"/home/jboyett/Documents/dev/github/iris-mobile/packages/api/src/router/index.ts", "TypeScript", 0, 0, 0, 0, 16, 0, 0, 0, 0, 0, 1, 3, 20
"/home/jboyett/Documents/dev/github/iris-mobile/packages/api/src/router/post.ts", "TypeScript", 0, 0, 0, 0, 15, 0, 0, 0, 0, 0, 0, 2, 17
"/home/jboyett/Documents/dev/github/iris-mobile/packages/api/src/router/user.ts", "TypeScript", 0, 0, 0, 0, 68, 0, 0, 0, 0, 0, 0, 3, 71
"/home/jboyett/Documents/dev/github/iris-mobile/packages/api/src/trpc.ts", "TypeScript", 0, 0, 0, 0, 22, 0, 0, 0, 0, 0, 0, 4, 26
"/home/jboyett/Documents/dev/github/iris-mobile/packages/api/transformer.ts", "TypeScript", 0, 0, 0, 0, 2, 0, 0, 0, 0, 0, 0, 1, 3
"/home/jboyett/Documents/dev/github/iris-mobile/packages/api/tsconfig.json", "JSON with Comments", 4, 0, 0, 0, 0, 0, 0, 0, 0, 0, 0, 1, 5
"/home/jboyett/Documents/dev/github/iris-mobile/packages/config/tailwind/index.js", "JavaScript", 0, 0, 0, 7, 0, 0, 0, 0, 0, 0, 1, 1, 9
"/home/jboyett/Documents/dev/github/iris-mobile/packages/config/tailwind/package.json", "JSON", 0, 0, 15, 0, 0, 0, 0, 0, 0, 0, 0, 1, 16
"/home/jboyett/Documents/dev/github/iris-mobile/packages/config/tailwind/postcss.js", "JavaScript", 0, 0, 0, 6, 0, 0, 0, 0, 0, 0, 0, 1, 7
"/home/jboyett/Documents/dev/github/iris-mobile/packages/db/drizzle/index.ts", "TypeScript", 0, 0, 0, 0, 48, 0, 0, 0, 0, 0, 0, 5, 53
"/home/jboyett/Documents/dev/github/iris-mobile/packages/db/drizzle/schema.ts", "TypeScript", 0, 0, 0, 0, 380, 0, 0, 0, 0, 0, 0, 16, 396
"/home/jboyett/Documents/dev/github/iris-mobile/packages/db/index.ts", "TypeScript", 0, 0, 0, 0, 16, 0, 0, 0, 0, 0, 2, 5, 23
"/home/jboyett/Documents/dev/github/iris-mobile/packages/db/package-lock.json", "JSON", 0, 0, 280, 0, 0, 0, 0, 0, 0, 0, 0, 1, 281
"/home/jboyett/Documents/dev/github/iris-mobile/packages/db/package.json", "JSON", 0, 0, 24, 0, 0, 0, 0, 0, 0, 0, 0, 1, 25
"/home/jboyett/Documents/dev/github/iris-mobile/packages/db/prisma/schema.prisma", "Prisma", 0, 0, 0, 0, 0, 0, 0, 0, 0, 233, 2, 37, 272
"/home/jboyett/Documents/dev/github/iris-mobile/packages/db/tsconfig.json", "JSON with Comments", 4, 0, 0, 0, 0, 0, 0, 0, 0, 0, 0, 1, 5
"/home/jboyett/Documents/dev/github/iris-mobile/packages/helpers/index.ts", "TypeScript", 0, 0, 0, 0, 184, 0, 0, 0, 0, 0, 16, 16, 216
"/home/jboyett/Documents/dev/github/iris-mobile/packages/helpers/package.json", "JSON", 0, 0, 24, 0, 0, 0, 0, 0, 0, 0, 0, 1, 25
"/home/jboyett/Documents/dev/github/iris-mobile/packages/helpers/tsconfig.json", "JSON with Comments", 4, 0, 0, 0, 0, 0, 0, 0, 0, 0, 0, 1, 5
"/home/jboyett/Documents/dev/github/iris-mobile/packages/stores/index.ts", "TypeScript", 0, 0, 0, 0, 0, 0, 0, 0, 0, 0, 0, 2, 2
"/home/jboyett/Documents/dev/github/iris-mobile/packages/stores/user.ts", "TypeScript", 0, 0, 0, 0, 0, 0, 0, 0, 0, 0, 0, 1, 1
"/home/jboyett/Documents/dev/github/iris-mobile/packages/types/index.ts", "TypeScript", 0, 0, 0, 0, 44, 0, 0, 0, 0, 0, 13, 18, 75
"/home/jboyett/Documents/dev/github/iris-mobile/packages/types/package.json", "JSON", 0, 0, 23, 0, 0, 0, 0, 0, 0, 0, 0, 1, 24
"/home/jboyett/Documents/dev/github/iris-mobile/packages/types/tsconfig.json", "JSON with Comments", 4, 0, 0, 0, 0, 0, 0, 0, 0, 0, 0, 1, 5
"/home/jboyett/Documents/dev/github/iris-mobile/packages/validators/index.ts", "TypeScript", 0, 0, 0, 0, 194, 0, 0, 0, 0, 0, 2, 21, 217
"/home/jboyett/Documents/dev/github/iris-mobile/packages/validators/package.json", "JSON", 0, 0, 20, 0, 0, 0, 0, 0, 0, 0, 0, 1, 21
"/home/jboyett/Documents/dev/github/iris-mobile/packages/validators/tsconfig.json", "JSON with Comments", 4, 0, 0, 0, 0, 0, 0, 0, 0, 0, 0, 1, 5
"/home/jboyett/Documents/dev/github/iris-mobile/patches/react-native@0.70.5.patch", "Diff", 0, 0, 0, 0, 0, 0, 0, 0, 45, 0, 0, 5, 50
"/home/jboyett/Documents/dev/github/iris-mobile/pnpm-lock.yaml", "YAML", 0, 0, 0, 0, 0, 0, 0, 12196, 0, 0, 0, 1683, 13879
"/home/jboyett/Documents/dev/github/iris-mobile/pnpm-workspace.yaml", "YAML", 0, 0, 0, 0, 0, 0, 0, 9, 0, 0, 0, 1, 10
"/home/jboyett/Documents/dev/github/iris-mobile/tsconfig.json", "JSON with Comments", 27, 0, 0, 0, 0, 0, 0, 0, 0, 0, 0, 1, 28
"/home/jboyett/Documents/dev/github/iris-mobile/turbo.json", "JSON", 0, 0, 39, 0, 0, 0, 0, 0, 0, 0, 0, 1, 40
"Total", "-", 60, 255, 651, 191, 2125, 11570, 25, 12252, 45, 233, 356, 2962, 30725